{"cameraMode":{"drawMode":0,"name":"Shaded","section":"Shading Mode"},"sceneLighting":true,"audioPlay":false,"sceneViewState":{"showFog":false,"showMaterialUpdate":false,"showSkybox":false,"showFlares":false,"showImageEffects":false,"showParticleSystems":true},"in2DMode":false,"pivot":{"x":-3.1580333709716799,"y":4.091159343719482,"z":-1.1036977767944337},"rotation":{"x":0.0026906949933618309,"y":0.4422450363636017,"z":-0.0013267050962895156,"w":0.8968903422355652},"size":3.531860828399658,"orthographic":false}